<?xml version="1.0" encoding="UTF-8"?>
<configuration
	xmlns="http://logging.apache.org/log4j/2.0/config" status="OFF"
	packages=" com.example.masking.controller">
	<Appenders>
		<Console name="STDOUT" target="SYSTEM_OUT">
			<PatternLayout
				pattern="%d{yyyyMMdd HH:mm:ss.SSS} [%t] %-5level %logger{36} - %spi%n" />

		</Console>
	</Appenders>
	<loggers>
		<Logger name="org.apache.log4j2.xml" level="all" />
		<root level="all">
			<appender-ref ref="STDOUT" level="TRACE" />
		</root>
	</loggers>
</configuration>